id,sender,receiver,subject,content,timestamp,status,read_status,attachments
2024090101234,John_Doe@mail.com,jane.smith@logisticscorp.com,"Weekly Team Meeting Notes","Hi Jane, I hope you're doing well. I've attached the notes from today's team meeting. Please review them and let me know if there's anything you'd like to add. Best, John",2024-09-01 13:30:00,Sent,Read,/documents/meeting_notes_20240901.pdf
2024090105678,John_Doe@mail.com,mike.doe@example.com,"Family BBQ This Weekend","Hey Mike, Just wanted to check if you're coming to the family BBQ this weekend. Let me know what you'll bring. Looking forward to it! Cheers, John",2024-09-01 14:00:00,Sent,Read,
2024090102345,carlos.rodriguez@spanishlessons.com,John_Doe@mail.com,"Spanish Lesson Feedback","Hola John, Espero que estés bien. Quería saber cómo te va con las lecciones de español. ¿Hay algo en lo que necesites ayuda? Saludos, Carlos",2024-09-01 14:30:00,Received,Unread,
2024090106789,John_Doe@mail.com,team@logisticscorp.com,"Logistics Conference Presentation","Hello Team, I've attached the draft of my presentation for the upcoming logistics conference. Please review and provide feedback by the end of the week. Thanks, John",2024-09-01 15:00:00,Sent,Read,/documents/conference_presentation_draft.pdf
2024090103456,jane.smith@logisticscorp.com,John_Doe@mail.com,"Re: Weekly Team Meeting Notes","Hi John, Thanks for sending the notes. Everything looks good to me. Let's catch up tomorrow to discuss the next steps. Best, Jane",2024-09-01 15:30:00,Received,Read,
2024090107890,John_Doe@mail.com,carlos.rodriguez@spanishlessons.com,"Re: Spanish Lesson Feedback","Hola Carlos, Gracias por preguntar. Estoy disfrutando las lecciones, pero me gustaría practicar más vocabulario relacionado con la logística. ¿Podemos enfocarnos en eso en nuestra próxima sesión? Saludos, John",2024-09-01 16:00:00,Sent,Read,
2024090104567,John_Doe@mail.com,friends@chicagosportsfans.com,"Game Night Recap","Hey everyone, Last night's game was fantastic! Thanks for joining. Let's plan another outing soon. Go team! Best, John",2024-09-01 16:30:00,Sent,Read,
2024090108901,newsletter@industrynews.com,John_Doe@mail.com,"Weekly Industry Update","Dear John, Here is your weekly update on the latest trends and news in the logistics industry. We hope you find it insightful. Best regards, Industry News Team",2024-09-01 17:00:00,Received,Unread,
2024090105679,John_Doe@mail.com,jane.smith@logisticscorp.com,"Lunch at the Deli","Hi Jane, Are you free to grab lunch at the deli tomorrow? We can discuss the project updates over a turkey sandwich. Let me know. Cheers, John",2024-09-01 17:30:00,Sent,Read,
2024090109012,John_Doe@mail.com,mike.doe@example.com,"Re: Family BBQ This Weekend","Hey Mike, Great! Looking forward to seeing you there. I'll bring the drinks. Cheers, John",2024-09-01 18:00:00,Sent,Read,



2024090212345,John_Doe@mail.com,jane.smith@logisticscorp.com,"Project Update and Next Steps","Hi Jane, I hope you're doing well. I wanted to update you on the current status of the logistics project. We've made significant progress, and I believe we're on track to meet our deadlines. Let's schedule a meeting this week to discuss the next steps. Best, John",2024-09-02 09:15:00,Sent,Read,
2024090216789,jane.smith@logisticscorp.com,John_Doe@mail.com,"Re: Project Update and Next Steps","Hi John, Thanks for the update. I'm glad to hear about the progress. Let's meet on Wednesday at 10 AM to go over the details. Looking forward to it. Best, Jane",2024-09-02 10:00:00,Received,Unread,
2024090213456,John_Doe@mail.com,carlos.rodriguez@spanishlessons.com,"Spanish Lesson Rescheduling","Hola Carlos, I hope this message finds you well. I need to reschedule our Spanish lesson this week due to a work commitment. Could we move it to Thursday at 5 PM? Let me know if that works for you. Gracias, John",2024-09-02 11:00:00,Sent,Read,
2024090217890,carlos.rodriguez@spanishlessons.com,John_Doe@mail.com,"Re: Spanish Lesson Rescheduling","Hola John, Thursday at 5 PM works perfectly. See you then! Saludos, Carlos",2024-09-02 11:30:00,Received,Read,
2024090214567,John_Doe@mail.com,mike.doe@example.com,"Family Dinner Plans","Hi Mike, I hope you're having a great day. I wanted to check if you're free for a family dinner this weekend. Let me know what works for you. Looking forward to catching up. Best, John",2024-09-02 12:00:00,Sent,Unread,
2024090218901,mike.doe@example.com,John_Doe@mail.com,"Re: Family Dinner Plans","Hey John, I'd love to join for dinner this weekend. How about Saturday evening? Let me know what time works for you. Cheers, Mike",2024-09-02 12:45:00,Received,Unread,
2024090215678,John_Doe@mail.com,supplier@logisticscorp.com,"Meeting Follow-Up and Next Steps","Dear Supplier, Thank you for meeting with me today. I appreciate the opportunity to discuss our collaboration. I've attached the notes from our meeting for your reference. Let's continue to explore how we can work together effectively. Best regards, John",2024-09-02 14:00:00,Sent,Read,/documents/meeting_notes_20240902.pdf
2024090219012,supplier@logisticscorp.com,John_Doe@mail.com,"Re: Meeting Follow-Up and Next Steps","Hi John, Thank you for the detailed notes. We're excited about the potential collaboration and will review the points discussed. Let's touch base next week to finalize the details. Best, Supplier",2024-09-02 15:00:00,Received,Unread,
2024090216780,John_Doe@mail.com,jane.smith@logisticscorp.com,"Logistics Conference Presentation","Hi Jane, I've attached the draft of the presentation for the upcoming logistics conference. Please review and let me know if you have any feedback. Looking forward to your thoughts. Best, John",2024-09-02 16:30:00,Sent,Read,/documents/conference_presentation_draft.pdf
2024090212346,John_Doe@mail.com,family@doe.com,"Game Night Invitation","Hi Family, I hope you're all doing well. I'm planning a game night this Friday at our place. It'll be a fun evening with board games and snacks. Let me know if you can make it. Looking forward to a great time together! Best, John",2024-09-02 19:30:00,Sent,Unread,



2024090301234,John_Doe@mail.com,jane.smith@logisticscorp.com,"Morning Update and Task Prioritization","Hi Jane, Good morning! I hope you're doing well. I've reviewed the emails and prioritized today's tasks on Trello. Please let me know if there's anything urgent that needs my attention. Best, John",2024-09-03 07:45:00,Sent,Read,
2024090305678,jane.smith@logisticscorp.com,John_Doe@mail.com,"Re: Morning Update and Task Prioritization","Hi John, Thanks for the update. I've added a few more tasks to the Trello board that need to be addressed by the end of the week. Let's discuss them during our afternoon meeting. Regards, Jane",2024-09-03 08:15:00,Received,Unread,
2024090302345,John_Doe@mail.com,carlos.rodriguez@spanishlessons.com,"Spanish Lesson Rescheduling","Hola Carlos, I hope you're well. I wanted to reschedule our Spanish lesson this week due to a work commitment. Could we move it to Thursday at 6 PM? Gracias, John",2024-09-03 09:00:00,Sent,Read,
2024090306789,John_Doe@mail.com,mike.doe@example.com,"Family Dinner Plans","Hi Mike, I hope you're having a great day. Are we still on for dinner this weekend? Let me know what time works for you. Looking forward to catching up! Best, John",2024-09-03 09:30:00,Sent,Read,
2024090303456,John_Doe@mail.com,jane.smith@logisticscorp.com,"Data Analysis Findings","Hi Jane, I've completed the data analysis from our recent operations. I've attached the report for your review. Let's discuss the findings and potential improvements during our 3 PM meeting. Best, John",2024-09-03 13:45:00,Sent,Read,/documents/data_analysis_report.pdf
2024090307890,jane.smith@logisticscorp.com,John_Doe@mail.com,"Re: Data Analysis Findings","Hi John, Thanks for the report. I've gone through it and have a few suggestions. Let's discuss them in our meeting. Regards, Jane",2024-09-03 14:15:00,Received,Unread,
2024090304567,John_Doe@mail.com,team@logisticscorp.com,"Webinar Insights and Implementation","Hi Team, I attended a webinar on the latest trends in supply chain management today. I've attached my notes and would like us to consider implementing some of these innovative practices. Let's discuss this further in our next team meeting. Best, John",2024-09-03 15:00:00,Sent,Read,/documents/webinar_notes.pdf
2024090308901,John_Doe@mail.com,jane.smith@logisticscorp.com,"Follow-up on Team Meeting","Hi Jane, Following our team meeting, I wanted to ensure we're aligned on the next steps for enhancing operational efficiency. Please confirm if the action items are clear. Best, John",2024-09-03 16:00:00,Sent,Read,
2024090305679,John_Doe@mail.com,golfclub@chicago.com,"Community Golf Game","Hi there, I'm looking forward to joining the community golf game this evening. Please let me know if there are any changes to the schedule. Thanks, John",2024-09-03 17:00:00,Sent,Read,
2024090309012,mike.doe@example.com,John_Doe@mail.com,"Re: Family Dinner Plans","Hi John, Yes, we're still on for dinner this weekend. How about Saturday at 6 PM? Let me know if that works for you. Looking forward to it! Best, Mike",2024-09-03 18:00:00,Received,Unread,



2024090412345,John_Doe@mail.com,jane.smith@logisticscorp.com,"Project Plan Finalization","Hi Jane, I hope you're doing well. I've finalized the detailed plan for the upcoming logistics project. Please review it and let me know if you have any feedback. Best, John",2024-09-04 09:00:00,Sent,Read,/documents/project_plan_final.pdf
2024090412346,jane.smith@logisticscorp.com,John_Doe@mail.com,"Re: Project Plan Finalization","Hi John, Thanks for sending over the project plan. I'll review it and get back to you by the end of the day. Regards, Jane",2024-09-04 09:30:00,Received,Unread,
2024090412347,John_Doe@mail.com,mike.doe@example.com,"Weekend Barbecue Plans","Hey Mike, We're planning a barbecue this weekend. Would love for you and the family to join us. Let me know if you can make it. Cheers, John",2024-09-04 10:00:00,Sent,Read,
2024090412348,John_Doe@mail.com,carlos.rodriguez@spanishlessons.com,"Spanish Lesson Schedule","Hola Carlos, I hope you're well. Can we schedule our next Spanish lesson for Thursday at 6 PM? Looking forward to it. Gracias, John",2024-09-04 10:30:00,Sent,Read,
2024090412349,John_Doe@mail.com,team@logisticscorp.com,"Weekly Team Meeting Recap","Hello Team, Thank you for attending today's meeting. Please find attached the meeting notes and action items. Let's ensure we meet our project deadlines. Best, John",2024-09-04 14:00:00,Sent,Read,/documents/meeting_notes_20240904.pdf
2024090412350,team@logisticscorp.com,John_Doe@mail.com,"Re: Weekly Team Meeting Recap","Hi John, Thanks for the recap and notes. We'll make sure to follow up on the action items. Regards, Team",2024-09-04 14:30:00,Received,Unread,
2024090412351,John_Doe@mail.com,linkedin@notifications.com,"LinkedIn Profile Update","Hi John, Your LinkedIn profile has been successfully updated with your recent achievements. Keep connecting with industry professionals to expand your network. Best, LinkedIn Team",2024-09-04 15:00:00,Received,Read,
2024090412352,John_Doe@mail.com,jane.smith@logisticscorp.com,"Lunch Break Catch-Up","Hi Jane, I'm heading to the café for lunch. If you're free, feel free to join me. We can catch up on the industry news. Best, John",2024-09-04 12:00:00,Sent,Read,
2024090412353,mike.doe@example.com,John_Doe@mail.com,"Re: Weekend Barbecue Plans","Hey John, We'd love to join the barbecue this weekend. Looking forward to it! Thanks for the invite. Cheers, Mike",2024-09-04 16:00:00,Received,Unread,
2024090412354,John_Doe@mail.com,friends@socialgroup.com,"Movie Night Suggestion","Hi Everyone, How about a comedy movie night this Friday? Let me know your thoughts and any movie suggestions. Looking forward to a fun evening! Best, John",2024-09-04 17:00:00,Sent,Read,



2024090512345,John_Doe@mail.com,jane.smith@logisticscorp.com,"Weekly Goals and Accomplishments","Hi Jane, I hope you're doing well. I wanted to share my accomplishments from last week and set some goals for this week. Please find the details in the attached document. Looking forward to your feedback. Best, John",2024-09-05 08:45:00,Sent,Read,/documents/weekly_goals_20240905.pdf
2024090516789,jane.smith@logisticscorp.com,John_Doe@mail.com,"Re: Weekly Goals and Accomplishments","Hi John, Thanks for sharing your goals and accomplishments. I've reviewed the document and added a few comments. Let's discuss them during our next meeting. Best, Jane",2024-09-05 09:30:00,Received,Unread,
2024090512346,John_Doe@mail.com,carlos.rodriguez@spanishlessons.com,"Spanish Lesson Rescheduling","Hola Carlos, I hope you're well. I need to reschedule our Spanish lesson this week due to a client meeting. Could we move it to Thursday at 6 PM? Let me know if that works for you. Gracias, John",2024-09-05 10:00:00,Sent,Read,
2024090512347,John_Doe@mail.com,mike.doe@example.com,"Family Fishing Trip","Hi Mike, I was thinking about planning a fishing trip this weekend. Let me know if you're available and if there's a spot you'd like to visit. Looking forward to it! Cheers, John",2024-09-05 10:30:00,Sent,Read,
2024090512348,client@downtownlogistics.com,John_Doe@mail.com,"Logistics Meeting Follow-up","Hi John, Thank you for visiting our office today. We appreciated your insights and are eager to explore the solutions you proposed. Let's schedule a follow-up meeting next week. Best regards, Client",2024-09-05 14:00:00,Received,Unread,
2024090512349,John_Doe@mail.com,client@downtownlogistics.com,"Re: Logistics Meeting Follow-up","Hi, Thank you for the opportunity to discuss your logistics needs. I'm glad you found the solutions helpful. Let's aim for a follow-up meeting next Tuesday at 2 PM. Please confirm if this works for you. Best, John",2024-09-05 14:30:00,Sent,Read,
2024090512350,John_Doe@mail.com,jane.smith@logisticscorp.com,"Business Strategy Guide","Hi Jane, I've been working on the business strategy guide and have some new ideas to enhance our logistics solutions. Let's schedule a time to discuss this further. Best, John",2024-09-05 15:00:00,Sent,Read,/documents/business_strategy_guide_20240905.pdf
2024090512351,John_Doe@mail.com,friend@example.com,"Cultural Event at Millennium Park","Hey, I hope you're doing well. There's a cultural event at Millennium Park this evening with live music and food vendors. Would you like to join me? Let me know! Cheers, John",2024-09-05 16:00:00,Sent,Read,
2024090512352,friend@example.com,John_Doe@mail.com,"Re: Cultural Event at Millennium Park","Hi John, That sounds like a great plan! I'd love to join you at the event. What time should we meet? Looking forward to it. Best, Friend",2024-09-05 16:30:00,Received,Unread,
2024090512353,John_Doe@mail.com,jane.smith@logisticscorp.com,"Logistics Documentary Recommendation","Hi Jane, I recently watched a fascinating documentary on logistics innovations. I think you'd find it interesting. Let me know if you'd like the details. Best, John",2024-09-05 20:00:00,Sent,Read,


2024090600123,james.smith@email.com,John_Doe@mail.com,"Invitation: Afternoon Picnic at the Park","Dear John, I hope this message finds you well. I was thinking it would be great to take a break and enjoy some fresh air. Would you be available for a picnic at the park tomorrow, September 7th, around 2:00 PM? It's a lovely way to unwind and catch up. Please let me know if you can make it or if there's a different time that works better for you. I'm looking forward to the possibility of spending some time outdoors with you. Best regards, James Smith",2024-09-06 10:00:00,Sent,Unread,
2024090601234,John_Doe@mail.com,jane.smith@logisticscorp.com,"Morning Meeting Recap","Hi Jane, I wanted to thank you for your input during this morning's meeting. Your insights on the new workflow strategies were invaluable. Let's touch base later this week to discuss further improvements. Best, John",2024-09-06 10:15:00,Sent,Read,
2024090605678,jane.smith@logisticscorp.com,John_Doe@mail.com,"Re: Morning Meeting Recap","Hi John, Thank you for the kind words. I'm glad to contribute. Looking forward to our follow-up discussion. Best, Jane",2024-09-06 10:45:00,Received,Unread,
2024090602345,John_Doe@mail.com,mike.doe@example.com,"Family Dinner Plans","Hi Mike, Just checking in to see if you're free for dinner this weekend. It would be great to catch up. Let me know what works for you. Cheers, John",2024-09-06 11:00:00,Sent,Read,
2024090606789,John_Doe@mail.com,carlos.rodriguez@spanishlessons.com,"Spanish Lesson Schedule","Hola Carlos, Espero que estés bien. Quería confirmar nuestra próxima lección de español. ¿Podemos reunirnos el jueves a las 6 PM? Gracias, John",2024-09-06 11:30:00,Sent,Read,
2024090603456,John_Doe@mail.com,team@logisticscorp.com,"Training Session Follow-Up","Hello Team, Thank you for attending today's training session. Please find attached the presentation slides and additional resources. Let's aim to implement these strategies by next month. Best, John",2024-09-06 13:30:00,Sent,Read,/documents/training_slides.pdf
2024090607890,team@logisticscorp.com,John_Doe@mail.com,"Re: Training Session Follow-Up","Hi John, Thanks for the resources. The session was very informative. We'll start working on the implementation plan. Regards, Team",2024-09-06 14:00:00,Received,Unread,
2024090604567,John_Doe@mail.com,jane.smith@logisticscorp.com,"Lunch Break Article","Hi Jane, I came across an interesting article on logistics innovations during lunch. Thought you might find it useful. Here's the link: [article link]. Best, John",2024-09-06 14:30:00,Sent,Read,
2024090608901,John_Doe@mail.com,friend@example.com,"Golf This Weekend?","Hey, Are you up for a round of golf this weekend? The weather looks perfect. Let me know if you're interested. Cheers, John",2024-09-06 15:00:00,Sent,Read,
2024090605679,John_Doe@mail.com,jane.smith@logisticscorp.com,"End of Day Report","Hi Jane, I've attached the end-of-day report for your review. Please let me know if you have any feedback. Best, John",2024-09-06 17:00:00,Sent,Read,/documents/end_of_day_report.pdf
2024090609012,restaurant@indianfood.com,John_Doe@mail.com,"Reservation Confirmation","Dear John, Your reservation for 6:00 PM today is confirmed. We look forward to serving you. Best regards, Indian Restaurant",2024-09-06 17:30:00,Received,Unread,



2024090701234,John_Doe@mail.com,jane.smith@logisticscorp.com,"Weekly Logistics Update","Hi Jane, I hope you're doing well. I wanted to share the latest updates on our logistics processes. We've made some significant improvements in efficiency. Let's discuss this further in our meeting next week. Best, John",2024-09-07 09:15:00,Sent,Read,/documents/logistics_update_2024Q3.pdf
2024090705678,jane.smith@logisticscorp.com,John_Doe@mail.com,"Re: Weekly Logistics Update","Hi John, Thanks for the update. The improvements sound promising. I'll review the document and get back to you with my thoughts. Best, Jane",2024-09-07 10:00:00,Received,Unread,
2024090702345,John_Doe@mail.com,mike.doe@example.com,"Family BBQ This Weekend","Hi Mike, I hope you're having a great week. I wanted to invite you and the family over for a BBQ this weekend. Let me know if you can make it. Looking forward to catching up! Cheers, John",2024-09-07 11:00:00,Sent,Read,
2024090706789,carlos.rodriguez@spanishlessons.com,John_Doe@mail.com,"Spanish Lesson Reminder","Hola John, Just a reminder about our Spanish lesson scheduled for tomorrow at 6 PM. Looking forward to our session. Saludos, Carlos",2024-09-07 11:30:00,Received,Unread,
2024090703456,John_Doe@mail.com,team@logisticscorp.com,"Networking Event Follow-Up","Hi Team, I attended a networking event today and met some potential collaborators. I'll share the details in our next team meeting. Please let me know if you have any questions. Best, John",2024-09-07 17:30:00,Sent,Read,
2024090707890,John_Doe@mail.com,carlos.rodriguez@spanishlessons.com,"Re: Spanish Lesson Reminder","Hola Carlos, Thanks for the reminder. I'll be ready for our lesson tomorrow. Looking forward to it! Best, John",2024-09-07 18:00:00,Sent,Read,
2024090704567,John_Doe@mail.com,friends@example.com,"Movie Night Tonight","Hi Everyone, Just a quick reminder about the movie night at my place tonight at 7 PM. Looking forward to seeing you all! Best, John",2024-09-07 18:30:00,Sent,Read,
2024090708901,friends@example.com,John_Doe@mail.com,"Re: Movie Night Tonight","Hey John, Thanks for the invite! We'll be there. Looking forward to it. Cheers!",2024-09-07 19:00:00,Received,Read,
2024090705679,John_Doe@mail.com,jane.smith@logisticscorp.com,"Re: Weekly Logistics Update","Hi Jane, Sounds good. Let me know if you need any more information. Best, John",2024-09-07 20:00:00,Sent,Read,
2024090709012,John_Doe@mail.com,mike.doe@example.com,"Re: Family BBQ This Weekend","Hi Mike, Great to hear you can make it! Looking forward to a fun day. Cheers, John",2024-09-07 21:00:00,Sent,Read,


2024090809001,info@environmentalchampions.org,John_Doe@mail.com,"Reminder & Confirmation: Your Scheduled Speech on Environmental Awareness","Dear John Doe,I trust this message finds you well. As part of our ongoing commitment to environmental education, the Environmental Champions are excited to have you as our guest speaker at our upcoming event. This is a gentle reminder that your speech is scheduled for September 8th at 2:00 PM in the afternoon. We are reaching out to confirm your availability and to ensure that everything is set for your presentation. Your expertise and insights on environmental awareness are highly anticipated by our community. Should there be any changes to your plans or if you foresee any issues that might affect your participation, please do not hesitate to inform us at your earliest convenience. Your prompt response will help us to make any necessary adjustments. Please respond to this email to confirm your attendance or to communicate any updates. We appreciate your dedication to this cause and look forward to a fruitful event. Best regards, Linda Martin Event Coordinator Environmental Champions Phone: +1 (234) 567-8901 Email: linda.martin@environmentalchampions.org",2024-09-08 00:00:00,Sent,Unread,
2024090812345,John_Doe@mail.com,jane.smith@logisticscorp.com,"Logistics Innovations Presentation","Hi Jane, I hope you're doing well. I've reviewed the notes and slides for the logistics innovations presentation. Everything looks good, but I wanted to confirm the final details with you. Could we have a quick call later today? Best, John",2024-09-08 08:15:00,Sent,Read,
2024090812346,jane.smith@logisticscorp.com,John_Doe@mail.com,"Re: Logistics Innovations Presentation","Hi John, Thanks for reaching out. I'm available for a call at 10:00 AM. Let me know if that works for you. Best, Jane",2024-09-08 08:45:00,Received,Unread,
2024090812347,John_Doe@mail.com,mike.doe@example.com,"Family Dinner Plans","Hi Mike, I hope you're having a great day. Just wanted to confirm our dinner plans for this weekend. Let me know what time works best for you. Looking forward to it! Cheers, John",2024-09-08 09:30:00,Sent,Read,
2024090812348,John_Doe@mail.com,carlos.rodriguez@spanishlessons.com,"Spanish Vocabulary Session","Hola Carlos, I hope this message finds you well. I wanted to focus on logistics-related vocabulary in our next session. Could you prepare some materials for that? Gracias, John",2024-09-08 11:00:00,Sent,Read,
2024090812349,finance.team@logisticscorp.com,John_Doe@mail.com,"Budget Allocations Meeting","Hi John, Just a reminder about our meeting today at 1:00 PM to discuss budget allocations for upcoming projects. Please bring any relevant documents. Best, Finance Team",2024-09-08 11:30:00,Received,Unread,
2024090812350,John_Doe@mail.com,finance.team@logisticscorp.com,"Re: Budget Allocations Meeting","Hi Team, Thank you for the reminder. I'll be there with the necessary documents. Looking forward to our discussion. Best, John",2024-09-08 12:00:00,Sent,Read,
2024090812351,John_Doe@mail.com,jane.smith@logisticscorp.com,"Follow-up on Budget Meeting","Hi Jane, I wanted to follow up on the budget meeting we had today. Could you send me the final figures when you have a moment? Thanks, John",2024-09-08 14:30:00,Sent,Read,
2024090812352,John_Doe@mail.com,local.sports.club@mail.com,"Tickets for Tonight's Game","Hi there, I wanted to confirm our tickets for tonight's game. Could you please send me the details? Thanks, John",2024-09-08 15:00:00,Sent,Read,
2024090812353,local.sports.club@mail.com,John_Doe@mail.com,"Re: Tickets for Tonight's Game","Hi John, Your tickets are confirmed for tonight's game. Please find them attached. Enjoy the game! Best, Sports Club",2024-09-08 15:30:00,Received,Unread,/attachments/tickets.pdf
2024090812354,John_Doe@mail.com,jane.smith@logisticscorp.com,"Final Presentation for Conference","Hi Jane, I've finalized the presentation for the industry conference. Please review it and let me know if you have any feedback. Best, John",2024-09-08 16:00:00,Sent,Read,/documents/presentation_final.pdf
2024090812345,sarah.lee@artenthusiasts.org,John_Doe@mail.com,"Tomorrow's Lunch Plans","Hi John, I hope this message finds you well. I wanted to check if we have any plans set for after lunch tomorrow. I am looking forward to our meal and will make sure to be there on time. Please let me know if there are any specific arrangements or if you'd like to discuss anything further. Best regards, Sarah",2024-09-08 18:00:00,Sent,Unread,



2024090901234,John_Doe@mail.com,jane.smith@logisticscorp.com,"Team Performance Review","Hi Jane, I hope you're doing well. I've reviewed the team's performance reports and have prepared some feedback notes for our meeting later this week. Let's ensure we address the key areas for improvement. Best, John",2024-09-09 09:15:00,Sent,Read,
2024090905678,John_Doe@mail.com,carlos.rodriguez@spanishlessons.com,"Spanish Lesson Update","Hola Carlos, I wanted to let you know that I've been practicing my Spanish and am looking forward to our next lesson. Could we focus on logistics-related vocabulary this time? Gracias, John",2024-09-09 10:00:00,Sent,Read,
2024090902345,jane.smith@logisticscorp.com,John_Doe@mail.com,"Re: Team Performance Review","Hi John, Thanks for the update. I'll make sure to incorporate your feedback into our meeting agenda. Looking forward to discussing this further. Best, Jane",2024-09-09 10:30:00,Received,Unread,
2024090906789,John_Doe@mail.com,mike.doe@example.com,"Family BBQ Plans","Hey Mike, Hope you're doing well! Are we still on for the family BBQ this weekend? Let me know what I can bring. Looking forward to it! Cheers, John",2024-09-09 11:00:00,Sent,Read,
2024090903456,John_Doe@mail.com,team@logisticscorp.com,"Strategic Plan for New Markets","Hello Team, I've been working on a strategic plan for expanding our logistics services to new markets. Please find the attached document for your review. Let's discuss this in our next meeting. Regards, John",2024-09-09 13:30:00,Sent,Read,/documents/strategic_plan_new_markets.pdf
2024090907890,workshop@chicagobusinesscenter.com,John_Doe@mail.com,"Workshop Confirmation","Dear John, This is a confirmation for your attendance at the Business Strategies Workshop today at 3:30 PM. We look forward to seeing you there. Best regards, Chicago Business Center",2024-09-09 12:00:00,Received,Read,
2024090904567,John_Doe@mail.com,jane.smith@logisticscorp.com,"Follow-up on Workshop Insights","Hi Jane, I attended a workshop on business strategies today and gained some valuable insights. Let's schedule a time to discuss how we can implement these ideas in our projects. Best, John",2024-09-09 17:00:00,Sent,Read,
2024090908901,mike.doe@example.com,John_Doe@mail.com,"Re: Family BBQ Plans","Hey John, Yes, we're all set for the BBQ! Could you bring some drinks? Looking forward to catching up. Cheers, Mike",2024-09-09 18:00:00,Received,Unread,
2024090905679,John_Doe@mail.com,friends@olivebranch.com,"Dinner Reservation Confirmation","Hi Olive Branch Team, Just confirming our dinner reservation for tonight at 6:00 PM. Looking forward to enjoying your delicious Mediterranean cuisine. Best, John",2024-09-09 16:00:00,Sent,Read,
2024090906780,linkedin@notifications.com,John_Doe@mail.com,"New Connection Request","Hi John, You have a new connection request from Sarah Johnson, a fellow logistics professional. View her profile and connect on LinkedIn. Best, LinkedIn Team",2024-09-09 21:00:00,Received,Unread,


